Workbook

Sheet Dashboard
A1: HR ANALYTICS DASHBOARD
A3: Employee workforce overview — headcount, compensation, and performance
B5: Total Employees | D5: Average Salary | F5: Average Bonus | H5: Average Age
B6: =COUNTA(Employees!A2:A101) -> 100 | D6: =AVERAGE(Employees!H2:H101) -> 75600.97 | F6: =AVERAGE(Employees!J2:J101) -> 17616.18 | H6: =AVERAGE(Employees!F2:F101) -> 41.44
B9: Headcount & Avg Salary by Department | H9: Performance Rating Distribution
B10: Department | C10: Headcount | D10: Avg Salary | E10: Avg Bonus | H10: Rating | I10: Count | J10: % of Total
B11: Finance | C11: =COUNTIF(Employees!$C$2:$C$101,"Finance") -> 21 | D11: =AVERAGEIF(Employees!$C$2:$C$101,"Finance",Employees!$H$2:$H$101) -> 75399.524 | E11: =AVERAGEIF(Employees!$C$2:$C$101,"Finance",Employees!$J$2:$J$101) -> 19370.762 | H11: A | I11: =COUNTIF(Employees!$I$2:$I$101,"A") -> 33 | J11: =COUNTIF(Employees!$I$2:$I$101,"A")/COUNTA(Employees!$I$2:$I$101) -> 0.33
B12: HR | C12: =COUNTIF(Employees!$C$2:$C$101,"HR") -> 18 | D12: =AVERAGEIF(Employees!$C$2:$C$101,"HR",Employees!$H$2:$H$101) -> 82039.611 | E12: =AVERAGEIF(Employees!$C$2:$C$101,"HR",Employees!$J$2:$J$101) -> 14218.778 | H12: B | I12: =COUNTIF(Employees!$I$2:$I$101,"B") -> 39 | J12: =COUNTIF(Employees!$I$2:$I$101,"B")/COUNTA(Employees!$I$2:$I$101) -> 0.39
B13: IT | C13: =COUNTIF(Employees!$C$2:$C$101,"IT") -> 16 | D13: =AVERAGEIF(Employees!$C$2:$C$101,"IT",Employees!$H$2:$H$101) -> 66690.812 | E13: =AVERAGEIF(Employees!$C$2:$C$101,"IT",Employees!$J$2:$J$101) -> 18708.688 | H13: C | I13: =COUNTIF(Employees!$I$2:$I$101,"C") -> 28 | J13: =COUNTIF(Employees!$I$2:$I$101,"C")/COUNTA(Employees!$I$2:$I$101) -> 0.28
B14: Marketing | C14: =COUNTIF(Employees!$C$2:$C$101,"Marketing") -> 16 | D14: =AVERAGEIF(Employees!$C$2:$C$101,"Marketing",Employees!$H$2:$H$101) -> 69112.125 | E14: =AVERAGEIF(Employees!$C$2:$C$101,"Marketing",Employees!$J$2:$J$101) -> 16490.75
B15: Sales | C15: =COUNTIF(Employees!$C$2:$C$101,"Sales") -> 29 | D15: =AVERAGEIF(Employees!$C$2:$C$101,"Sales",Employees!$H$2:$H$101) -> 80246.448 | E15: =AVERAGEIF(Employees!$C$2:$C$101,"Sales",Employees!$J$2:$J$101) -> 18472.517
B18: Headcount & Avg Salary by City | H18: Gender Split & Avg Salary
B19: City | C19: Headcount | D19: Avg Salary | H19: Gender | I19: Headcount | J19: Avg Salary
B20: Bengaluru | C20: =COUNTIF(Employees!$D$2:$D$101,"Bengaluru") -> 26 | D20: =AVERAGEIF(Employees!$D$2:$D$101,"Bengaluru",Employees!$H$2:$H$101) -> 71898.538 | H20: M | I20: =COUNTIF(Employees!$E$2:$E$101,"M") -> 48 | J20: =AVERAGEIF(Employees!$E$2:$E$101,"M",Employees!$H$2:$H$101) -> 74789.75
B21: Delhi | C21: =COUNTIF(Employees!$D$2:$D$101,"Delhi") -> 18 | D21: =AVERAGEIF(Employees!$D$2:$D$101,"Delhi",Employees!$H$2:$H$101) -> 71876.556 | H21: F | I21: =COUNTIF(Employees!$E$2:$E$101,"F") -> 52 | J21: =AVERAGEIF(Employees!$E$2:$E$101,"F",Employees!$H$2:$H$101) -> 76349.788
B22: Hyderabad | C22: =COUNTIF(Employees!$D$2:$D$101,"Hyderabad") -> 20 | D22: =AVERAGEIF(Employees!$D$2:$D$101,"Hyderabad",Employees!$H$2:$H$101) -> 76928.5
B23: Mumbai | C23: =COUNTIF(Employees!$D$2:$D$101,"Mumbai") -> 22 | D23: =AVERAGEIF(Employees!$D$2:$D$101,"Mumbai",Employees!$H$2:$H$101) -> 79968.818
B24: Pune | C24: =COUNTIF(Employees!$D$2:$D$101,"Pune") -> 14 | D24: =AVERAGEIF(Employees!$D$2:$D$101,"Pune",Employees!$H$2:$H$101) -> 78505.214

Sheet Employees
A1: Emp_ID | B1: Name | C1: Department | D1: City | E1: Gender | F1: Age | G1: Join_Date | H1: Salary | I1: Performance | J1: Bonus
A2: 1 | B2: Aarav | C2: Sales | D2: Pune | E2: M | F2: 39 | G2: 44657 | H2: 110368 | I2: A | J2: 24998
A3: 2 | B3: Karan | C3: Sales | D3: Hyderabad | E3: M | F3: 44 | G3: 43893 | H3: 75949 | I3: B | J3: 23400
A4: 3 | B4: Dev | C4: Finance | D4: Pune | E4: M | F4: 47 | G4: 45611 | H4: 64767 | I4: B | J4: 26692
A5: 4 | B5: Karan | C5: Sales | D5: Mumbai | E5: F | F5: 40 | G5: 46054 | H5: 90143 | I5: C | J5: 16952
A6: 5 | B6: Ananya | C6: Sales | D6: Hyderabad | E6: F | F6: 52 | G6: 43156 | H6: 104075 | I6: A | J6: 27858
A7: 6 | B7: Priya | C7: HR | D7: Pune | E7: F | F7: 36 | G7: 43907 | H7: 104686 | I7: B | J7: 14316
A8: 7 | B8: Vihaan | C8: IT | D8: Delhi | E8: M | F8: 48 | G8: 45460 | H8: 33805 | I8: C | J8: 16523
A9: 8 | B9: Aisha | C9: IT | D9: Pune | E9: F | F9: 40 | G9: 43234 | H9: 90262 | I9: C | J9: 25168
A10: 9 | B10: Riya | C10: Sales | D10: Mumbai | E10: F | F10: 30 | G10: 44188 | H10: 91793 | I10: B | J10: 29950
A11: 10 | B11: Meera | C11: IT | D11: Mumbai | E11: F | F11: 42 | G11: 44266 | H11: 117019 | I11: A | J11: 18249
A12: 11 | B12: Rohan | C12: IT | D12: Bengaluru | E12: F | F12: 51 | G12: 45685 | H12: 37761 | I12: C | J12: 23287
A13: 12 | B13: Arjun | C13: IT | D13: Delhi | E13: M | F13: 57 | G13: 45456 | H13: 34101 | I13: C | J13: 15241
... A101: 100 | B101: Meera | C101: HR | D101: Bengaluru | E101: M | F101: 25 | G101: 45975 | H101: 102774 | I101: A | J101: 5362
